{"cameraMode":{"drawMode":0,"name":"Shaded","section":"Shading Mode"},"sceneLighting":true,"audioPlay":false,"sceneViewState":{"m_AlwaysRefresh":false,"showFog":true,"showSkybox":true,"showFlares":true,"showImageEffects":true,"showParticleSystems":true,"showVisualEffectGraphs":true,"m_FxEnabled":true},"in2DMode":false,"pivot":{"x":0.8100000023841858,"y":-0.6220999956130981,"z":-2.5674548149108888},"rotation":{"x":0.14551135897636414,"y":-0.7979211211204529,"z":0.21312986314296723,"w":0.5447989702224731},"size":6.829914093017578,"orthographic":false}