{"cameraMode":{"drawMode":0,"name":"Shaded","section":"Shading Mode"},"sceneLighting":true,"audioPlay":false,"sceneViewState":{"m_AlwaysRefresh":false,"showFog":true,"showSkybox":true,"showFlares":true,"showImageEffects":true,"showParticleSystems":true,"showVisualEffectGraphs":true,"m_FxEnabled":true},"in2DMode":false,"pivot":{"x":0.7255201935768127,"y":0.4281744956970215,"z":-3.256748676300049},"rotation":{"x":0.3227986991405487,"y":-0.06214894354343414,"z":0.021260740235447885,"w":0.9442322254180908},"size":6.73214054107666,"orthographic":false}